Edge Name,Community Size,Communities,Modularity
"(20, 21)",1,<generator object connected_components at 0x00000000048D8EA0>,0.6055376671365714
"(51, 101)",1,<generator object connected_components at 0x00000000048D8EE8>,0.6068062069907666
"(102, 103)",1,<generator object connected_components at 0x00000000048D8EA0>,0.6078997581295351
"(3, 26)",1,<generator object connected_components at 0x00000000048D8EE8>,0.6090565437431413
"(28, 38)",1,<generator object connected_components at 0x00000000048D8EA0>,0.6103853769909972
"(16, 38)",1,<generator object connected_components at 0x00000000048D8EE8>,0.6117169540424863
"(71, 72)",1,<generator object connected_components at 0x00000000048D8EA0>,0.6128824516114978
"(30, 50)",1,<generator object connected_components at 0x00000000048D8EE8>,0.614177993306468
"(0, 35)",1,<generator object connected_components at 0x00000000048D8EA0>,0.6154760207885618
"(88, 89)",1,<generator object connected_components at 0x00000000048D8EE8>,0.6165606461886256
"(25, 53)",1,<generator object connected_components at 0x00000000048D8EA0>,0.6176463284069712
"(24, 25)",1,<generator object connected_components at 0x00000000048D8EE8>,0.6189407006071411
"(69, 70)",1,<generator object connected_components at 0x00000000048D8EA0>,0.6203444444444444
"(0, 33)",1,<generator object connected_components at 0x00000000048D8EE8>,0.6216454246225623
"(0, 1)",1,<generator object connected_components at 0x00000000048D8EA0>,0.6229488484468854
"(69, 95)",1,<generator object connected_components at 0x00000000048D8EE8>,0.6243641434419446
"(80, 110)",1,<generator object connected_components at 0x00000000048D8EA0>,0.6254898427998739
"(13, 45)",1,<generator object connected_components at 0x00000000048D8EE8>,0.6266337123084529
"(25, 106)",1,<generator object connected_components at 0x00000000048D8EA0>,0.6277789114489452
"(80, 93)",1,<generator object connected_components at 0x00000000048D8EE8>,0.629121652556953
"(16, 17)",1,<generator object connected_components at 0x00000000048D8EA0>,0.6305597721877283
"(87, 104)",1,<generator object connected_components at 0x00000000048D8EE8>,0.6320011681139255
"(0, 65)",1,<generator object connected_components at 0x00000000048D8EA0>,0.633445848893996
"(28, 113)",1,<generator object connected_components at 0x00000000048D8EE8>,0.6260157211584194
"(24, 87)",1,<generator object connected_components at 0x00000000048D8EA0>,0.6274946202970985
"(91, 93)",1,<generator object connected_components at 0x00000000048D8EE8>,0.6288754937327502
"(82, 93)",1,<generator object connected_components at 0x00000000048D8EA0>,0.6302082726647952
"(9, 64)",1,<generator object connected_components at 0x00000000048D8EE8>,0.6315727956753598
"(69, 91)",1,<generator object connected_components at 0x00000000048D8EA0>,0.6329649676299495
"(24, 66)",1,<generator object connected_components at 0x00000000048D8EE8>,0.6343600410722324
"(11, 97)",1,<generator object connected_components at 0x00000000048D8EA0>,0.635758021279862
"(80, 82)",1,<generator object connected_components at 0x00000000048D8EE8>,0.6351933428328509
"(58, 114)",1,<generator object connected_components at 0x00000000048D8EA0>,0.636397146254459
"(58, 88)",1,<generator object connected_components at 0x00000000048D8EE8>,0.6376025008874212
"(3, 58)",1,<generator object connected_components at 0x00000000048D8EA0>,0.6390039630751548
"(5, 97)",1,<generator object connected_components at 0x00000000048D8EE8>,0.6404203298601203
"(75, 107)",1,<generator object connected_components at 0x00000000048D8EA0>,0.6506468219521604
"(53, 86)",1,<generator object connected_components at 0x00000000048D8EE8>,0.6518472589792061
"(48, 98)",1,<generator object connected_components at 0x00000000048D8EA0>,0.6530915757141643
"(52, 112)",1,<generator object connected_components at 0x00000000048D8EE8>,0.6543375699374713
"(97, 98)",1,<generator object connected_components at 0x00000000048D8EA0>,0.6556906816959265
"(48, 53)",1,<generator object connected_components at 0x00000000048D8EE8>,0.6569035796111532
"(48, 49)",1,<generator object connected_components at 0x00000000048D8EA0>,0.6581502000615574
"(15, 92)",1,<generator object connected_components at 0x00000000048D8EE8>,0.659613109670405
"(30, 82)",1,<generator object connected_components at 0x00000000048D8EA0>,0.6590644217417179
"(29, 82)",1,<generator object connected_components at 0x00000000048D8EE8>,0.6589805560998976
"(82, 94)",1,<generator object connected_components at 0x00000000048D8EA0>,0.6605463921387457
"(6, 7)",1,<generator object connected_components at 0x00000000048D8EE8>,0.6620314824966717
"(63, 64)",1,<generator object connected_components at 0x00000000048D8EA0>,0.6633924978622806
"(47, 61)",1,<generator object connected_components at 0x00000000048D8EE8>,0.6647274654619221
"(56, 106)",1,<generator object connected_components at 0x00000000048D8EA0>,0.6660946543230203
"(59, 60)",1,<generator object connected_components at 0x00000000048D8EE8>,0.6674641984487848
"(92, 106)",1,<generator object connected_components at 0x00000000048D8EA0>,0.6688679846938775
"(6, 58)",1,<generator object connected_components at 0x00000000048D8EE8>,0.6703479571557951
"(12, 13)",1,<generator object connected_components at 0x00000000048D8EA0>,0.6716849089811282
"(31, 32)",1,<generator object connected_components at 0x00000000048D8EE8>,0.6730239259433551
"(6, 55)",1,<generator object connected_components at 0x00000000048D8EA0>,0.6743698566326796
"(99, 100)",1,<generator object connected_components at 0x00000000048D8EE8>,0.6757308660011363
"(14, 15)",1,<generator object connected_components at 0x00000000048D8EA0>,0.6770940583091138
"(2, 14)",1,<generator object connected_components at 0x00000000048D8EE8>,0.6796856861635857
"(60, 71)",1,<generator object connected_components at 0x00000000048D8EA0>,0.6822194654484351
"(39, 54)",1,<generator object connected_components at 0x00000000048D8EE8>,0.6836044677059693
"(6, 85)",1,<generator object connected_components at 0x00000000048D8EA0>,0.6849917355371901
"(38, 39)",2,<generator object connected_components at 0x00000000048D8EE8>,0.6852266581729988
"(61, 62)",2,<generator object connected_components at 0x00000000048D8EA0>,0.686690819969098
"(43, 70)",2,<generator object connected_components at 0x00000000048D8EE8>,0.678497304559689
"(26, 27)",2,<generator object connected_components at 0x00000000048D8EA0>,0.6800574273101746
"(12, 17)",2,<generator object connected_components at 0x00000000048D8EE8>,0.6816210756670315
"(20, 36)",2,<generator object connected_components at 0x00000000048D8EA0>,0.6913521842560553
"(61, 92)",2,<generator object connected_components at 0x00000000048D8EE8>,0.6929563946291153
"(89, 99)",2,<generator object connected_components at 0x0000000002E1B048>,0.6943226535586389
"(80, 85)",2,<generator object connected_components at 0x00000000048B17E0>,0.6956994133544713
"(42, 57)",2,<generator object connected_components at 0x0000000002E1B048>,0.6973062414266119
"(42, 63)",2,<generator object connected_components at 0x00000000048B17E0>,0.6989270999342561
"(36, 59)",2,<generator object connected_components at 0x0000000002E1B048>,0.7036559749036082
"(36, 58)",2,<generator object connected_components at 0x00000000048B17E0>,0.7052925245085289
"(36, 37)",2,<generator object connected_components at 0x0000000002E1B048>,0.7067414791713076
"(43, 79)",2,<generator object connected_components at 0x00000000048B17E0>,0.7082801991440301
"(18, 19)",2,<generator object connected_components at 0x0000000002E1B048>,0.7098219921727055
"(34, 35)",2,<generator object connected_components at 0x00000000048B17E0>,0.7046700153825034
"(54, 55)",2,<generator object connected_components at 0x0000000002E1B048>,0.7129148058115212
"(31, 79)",2,<generator object connected_components at 0x00000000048B17E0>,0.7144658303807974
"(31, 55)",2,<generator object connected_components at 0x0000000002E1B048>,0.7160199359202564
"(34, 94)",2,<generator object connected_components at 0x00000000048B17E0>,0.7175771241526439
"(29, 42)",2,<generator object connected_components at 0x0000000002E1B048>,0.719137396694215
"(19, 36)",3,<generator object connected_components at 0x00000000048B17E0>,0.7207007550525871
"(22, 47)",3,<generator object connected_components at 0x0000000002E1B048>,0.7223810522054679
"(64, 111)",3,<generator object connected_components at 0x00000000048B17E0>,0.7240653061224489
"(15, 68)",3,<generator object connected_components at 0x0000000002E1B048>,0.7257535254355807
"(21, 32)",3,<generator object connected_components at 0x00000000048B17E0>,0.7274457187354906
"(46, 47)",3,<generator object connected_components at 0x0000000002E1B048>,0.7288960085729803
"(15, 114)",3,<generator object connected_components at 0x00000000048B17E0>,0.7303483998364286
"(32, 49)",3,<generator object connected_components at 0x0000000002E1B048>,0.7318028846153848
"(13, 110)",3,<generator object connected_components at 0x00000000048B17E0>,0.7332594547837289
"(72, 104)",3,<generator object connected_components at 0x0000000002E1B048>,0.7350125221746845
"(10, 60)",3,<generator object connected_components at 0x00000000048B17E0>,0.7365342382215504
"(2, 3)",3,<generator object connected_components at 0x0000000002E1B048>,0.7380584850670031
"(2, 74)",3,<generator object connected_components at 0x00000000048B17E0>,0.7395852577999812
"(2, 72)",3,<generator object connected_components at 0x0000000002E1B048>,0.7411145513179609
"(100, 102)",3,<generator object connected_components at 0x00000000048B17E0>,0.7426463603235943
"(39, 82)",3,<generator object connected_components at 0x0000000002E1B048>,0.7429790496826172
"(82, 100)",4,<generator object connected_components at 0x00000000048B17E0>,0.7445724395969684
"(63, 109)",4,<generator object connected_components at 0x0000000002E1B048>,0.7464628988850442
"(58, 101)",4,<generator object connected_components at 0x00000000048B17E0>,0.7483933596056831
"(1, 27)",4,<generator object connected_components at 0x0000000002E1B048>,0.7503293756587512
"(37, 95)",4,<generator object connected_components at 0x00000000048B17E0>,0.7522709677921331
"(70, 103)",4,<generator object connected_components at 0x0000000002E1B048>,0.7542181568216969
"(62, 105)",4,<generator object connected_components at 0x00000000048B17E0>,0.7561709636310167
"(45, 62)",4,<generator object connected_components at 0x0000000002E1B048>,0.7581294091710759
"(1, 57)",4,<generator object connected_components at 0x00000000048B17E0>,0.7600935144599599
"(44, 45)",4,<generator object connected_components at 0x0000000002E1B048>,0.7620633005825306
"(80, 86)",4,<generator object connected_components at 0x00000000048B17E0>,0.7640387886900849
"(80, 91)",4,<generator object connected_components at 0x0000000002E1B048>,0.7660199999999999
"(19, 44)",4,<generator object connected_components at 0x00000000048B17E0>,0.7680069557953583
"(30, 44)",4,<generator object connected_components at 0x0000000002E1B048>,0.7699996774245575
"(29, 91)",4,<generator object connected_components at 0x00000000048B17E0>,0.7719981863009041
"(35, 92)",4,<generator object connected_components at 0x0000000002E1B048>,0.7740025039021853
"(35, 44)",5,<generator object connected_components at 0x00000000048B17E0>,0.7760126517702275
"(40, 41)",5,<generator object connected_components at 0x0000000002E1B048>,0.777797128292547
"(16, 81)",5,<generator object connected_components at 0x00000000048B17E0>,0.7795855979658421
"(4, 5)",5,<generator object connected_components at 0x0000000002E1B048>,0.7813780653050433
"(11, 104)",5,<generator object connected_components at 0x00000000048B17E0>,0.7812229084830409
"(5, 90)",5,<generator object connected_components at 0x0000000002E1B048>,0.7831882548937943
"(77, 98)",5,<generator object connected_components at 0x00000000048B17E0>,0.7851589780905901
"(40, 51)",5,<generator object connected_components at 0x0000000002E1B048>,0.7871350947325988
"(7, 40)",5,<generator object connected_components at 0x00000000048B17E0>,0.789116621480885
"(73, 74)",5,<generator object connected_components at 0x0000000002E1B048>,0.7908241460481973
"(88, 107)",5,<generator object connected_components at 0x00000000048B17E0>,0.7925348070995856
"(52, 53)",5,<generator object connected_components at 0x0000000002E1B048>,0.7942485998224165
"(81, 83)",5,<generator object connected_components at 0x00000000048B17E0>,0.7959655191629267
"(83, 84)",5,<generator object connected_components at 0x0000000002E1B048>,0.7976855598216284
"(49, 84)",5,<generator object connected_components at 0x00000000048B17E0>,0.7994087162486332
"(24, 84)",5,<generator object connected_components at 0x0000000002E1B048>,0.8014344618055556
"(3, 11)",5,<generator object connected_components at 0x00000000048B17E0>,0.8034658147410445
"(10, 11)",5,<generator object connected_components at 0x0000000002E1B048>,0.8065181807041192
"(5, 11)",5,<generator object connected_components at 0x00000000048B17E0>,0.8075454117936615
"(7, 82)",5,<generator object connected_components at 0x0000000002E1B048>,0.8106176294047032
"(77, 82)",6,<generator object connected_components at 0x00000000048B17E0>,0.8126759002770083
"(67, 68)",6,<generator object connected_components at 0x0000000002E1B048>,0.8147042852819171
"(46, 111)",6,<generator object connected_components at 0x00000000048B17E0>,0.8167381072636986
"(21, 46)",6,<generator object connected_components at 0x0000000002E1B048>,0.8187773807813847
"(7, 73)",6,<generator object connected_components at 0x00000000048B17E0>,0.820822120347456
"(73, 77)",6,<generator object connected_components at 0x0000000002E1B048>,0.8228723404255319
"(41, 67)",6,<generator object connected_components at 0x00000000048B17E0>,0.8249280554280076
"(104, 114)",6,<generator object connected_components at 0x0000000002E1B048>,0.8269892797136387
"(16, 67)",6,<generator object connected_components at 0x00000000048B17E0>,0.8290560275850684
"(67, 104)",6,<generator object connected_components at 0x0000000002E1B048>,0.8311283132863012
"(4, 69)",6,<generator object connected_components at 0x00000000048B17E0>,0.831349288935137
"(24, 110)",6,<generator object connected_components at 0x0000000002E1B048>,0.8334293252080857
"(69, 83)",6,<generator object connected_components at 0x00000000048B17E0>,0.8355149298639263
"(69, 88)",7,<generator object connected_components at 0x0000000002E1B048>,0.837606116826896
"(4, 28)",7,<generator object connected_components at 0x00000000048B17E0>,0.8378277911359348
"(23, 90)",7,<generator object connected_components at 0x0000000002E1B048>,0.8384404536862003
"(0, 90)",7,<generator object connected_components at 0x00000000048B17E0>,0.840400890445745
"(8, 90)",7,<generator object connected_components at 0x0000000002E1B048>,0.8423657062222307
"(23, 78)",7,<generator object connected_components at 0x00000000048B17E0>,0.8424364014192071
"(28, 78)",7,<generator object connected_components at 0x0000000002E1B048>,0.8444064519852262
"(50, 51)",7,<generator object connected_components at 0x00000000048B17E0>,0.8463808718753774
"(50, 68)",7,<generator object connected_components at 0x0000000002E1B048>,0.8483596615498069
"(50, 78)",8,<generator object connected_components at 0x00000000048B17E0>,0.8503428212212913
"(86, 87)",8,<generator object connected_components at 0x0000000002E1B048>,0.8506735061477013
"(56, 57)",8,<generator object connected_components at 0x00000000048B17E0>,0.8514805728585405
"(48, 96)",8,<generator object connected_components at 0x0000000002E1B048>,0.8535827160493826
"(96, 112)",8,<generator object connected_components at 0x00000000048B17E0>,0.8556901999494051
"(65, 66)",8,<generator object connected_components at 0x0000000002E1B048>,0.8578030333227041
"(20, 75)",8,<generator object connected_components at 0x00000000048B17E0>,0.859921224769655
"(75, 76)",8,<generator object connected_components at 0x0000000002E1B048>,0.8620447827223553
"(66, 76)",8,<generator object connected_components at 0x00000000048B17E0>,0.8641737154399696
"(59, 66)",8,<generator object connected_components at 0x0000000002E1B048>,0.8663080310039769
"(63, 112)",8,<generator object connected_components at 0x00000000048B17E0>,0.8684477373133112
"(86, 97)",8,<generator object connected_components at 0x0000000002E1B048>,0.8705928420794006
"(97, 112)",9,<generator object connected_components at 0x00000000048B17E0>,0.8727433528210983
"(19, 33)",9,<generator object connected_components at 0x0000000002E1B048>,0.8729855371900826
"(55, 89)",9,<generator object connected_components at 0x00000000048B17E0>,0.875091453448249
"(1, 101)",9,<generator object connected_components at 0x0000000002E1B048>,0.8772023102103793
"(30, 109)",9,<generator object connected_components at 0x00000000048B17E0>,0.8793181092219156
"(79, 109)",9,<generator object connected_components at 0x0000000002E1B048>,0.8814388519484891
"(37, 80)",9,<generator object connected_components at 0x00000000048B17E0>,0.8835645395692958
"(80, 105)",10,<generator object connected_components at 0x0000000002E1B048>,0.8856951729703328
"(8, 41)",10,<generator object connected_components at 0x00000000048B17E0>,0.8863239976745303
"(4, 108)",10,<generator object connected_components at 0x0000000002E1B048>,0.8885379158093278
"(23, 111)",10,<generator object connected_components at 0x00000000048B17E0>,0.8907574786957434
"(9, 108)",10,<generator object connected_components at 0x0000000002E1B048>,0.8929826933477555
"(8, 9)",10,<generator object connected_components at 0x00000000048B17E0>,0.8952135665422378
"(22, 23)",10,<generator object connected_components at 0x0000000002E1B048>,0.8974501048126474
"(9, 22)",11,<generator object connected_components at 0x00000000048B17E0>,0.8996923144425735
"(17, 58)",11,<generator object connected_components at 0x0000000002E1B048>,0.8998655469593776
"(63, 65)",11,<generator object connected_components at 0x00000000048B17E0>,0.9000304498269895
"(27, 63)",11,<generator object connected_components at 0x0000000002E1B048>,0.900186899252403
"(59, 113)",11,<generator object connected_components at 0x00000000048B17E0>,0.9014944475182896
"(59, 76)",12,<generator object connected_components at 0x0000000002E1B048>,0.9037083623458593
"(18, 36)",12,<generator object connected_components at 0x00000000048B17E0>,0.9038879266084032
"(36, 43)",12,<generator object connected_components at 0x0000000002E1B048>,0.9040589569160998
"(12, 36)",13,<generator object connected_components at 0x00000000048B17E0>,0.9042213247816999
"(74, 82)",13,<generator object connected_components at 0x0000000002E1B048>,0.9043291133444746
"(81, 82)",14,<generator object connected_components at 0x00000000048B17E0>,0.9044275371070052
"(18, 42)",14,<generator object connected_components at 0x0000000002E1B048>,0.9045857988165681
"(34, 42)",14,<generator object connected_components at 0x00000000048B17E0>,0.9047350849179853
"(42, 43)",14,<generator object connected_components at 0x0000000002E1B048>,0.9048752596326635
"(26, 42)",15,<generator object connected_components at 0x00000000048B17E0>,0.9050061851801912
"(85, 99)",15,<generator object connected_components at 0x0000000002E1B048>,0.9051277217456876
"(31, 85)",15,<generator object connected_components at 0x00000000048B17E0>,0.9052397274465579
"(31, 43)",15,<generator object connected_components at 0x0000000002E1B048>,0.9053420582986317
"(43, 61)",15,<generator object connected_components at 0x00000000048B17E0>,0.9054345681816822
"(26, 61)",15,<generator object connected_components at 0x0000000002E1B048>,0.9055171088043061
"(26, 34)",15,<generator object connected_components at 0x00000000048B17E0>,0.9055895296681536
"(12, 34)",15,<generator object connected_components at 0x0000000002E1B048>,0.905651678031498
"(12, 18)",15,<generator object connected_components at 0x00000000048B17E0>,0.9057033988721231
"(14, 99)",15,<generator object connected_components at 0x0000000002E1B048>,0.9057445348495246
"(18, 38)",15,<generator object connected_components at 0x00000000048B17E0>,0.9057749262664014
"(14, 54)",15,<generator object connected_components at 0x0000000002E1B048>,0.90579441102943
"(14, 71)",15,<generator object connected_components at 0x00000000048B17E0>,0.9058028246092995
"(38, 54)",15,<generator object connected_components at 0x0000000002E1B048>,0.907465625
"(38, 71)",16,<generator object connected_components at 0x00000000048B17E0>,0.9097430292523287
"(80, 94)",16,<generator object connected_components at 0x0000000002E1B048>,0.9096739981313604
"(29, 80)",16,<generator object connected_components at 0x00000000048B17E0>,0.9095927263037009
"(79, 80)",17,<generator object connected_components at 0x0000000002E1B048>,0.909499030711152
"(102, 107)",17,<generator object connected_components at 0x00000000048B17E0>,0.9096490946963628
"(10, 102)",17,<generator object connected_components at 0x0000000002E1B048>,0.9097889664768481
"(98, 102)",17,<generator object connected_components at 0x00000000048B17E0>,0.909918484418805
"(10, 74)",17,<generator object connected_components at 0x0000000002E1B048>,0.9100374843815077
"(10, 72)",17,<generator object connected_components at 0x00000000048B17E0>,0.9101457996742564
"(72, 107)",17,<generator object connected_components at 0x0000000002E1B048>,0.9102432610124915
"(72, 81)",17,<generator object connected_components at 0x00000000048B17E0>,0.9103296964730606
"(40, 107)",17,<generator object connected_components at 0x0000000002E1B048>,0.9104049314486131
"(40, 98)",17,<generator object connected_components at 0x00000000048B17E0>,0.9104687886011124
"(40, 81)",17,<generator object connected_components at 0x0000000002E1B048>,0.9105210878144381
"(52, 98)",17,<generator object connected_components at 0x00000000048B17E0>,0.9105616461460618
"(3, 81)",17,<generator object connected_components at 0x0000000002E1B048>,0.9105902777777778
"(74, 84)",17,<generator object connected_components at 0x00000000048B17E0>,0.9106067939654644
"(5, 74)",17,<generator object connected_components at 0x0000000002E1B048>,0.9106110029878567
"(3, 5)",17,<generator object connected_components at 0x00000000048B17E0>,0.910602710094309
"(3, 84)",17,<generator object connected_components at 0x0000000002E1B048>,0.9105817174515234
"(52, 84)",17,<generator object connected_components at 0x00000000048B17E0>,0.9112544468501333
"(5, 52)",18,<generator object connected_components at 0x0000000002E1B048>,0.9136502337560539
"(95, 113)",18,<generator object connected_components at 0x00000000048B17E0>,0.9138599441352572
"(17, 95)",18,<generator object connected_components at 0x0000000002E1B048>,0.9140589633318245
"(87, 95)",18,<generator object connected_components at 0x00000000048B17E0>,0.914247111111111
"(17, 27)",18,<generator object connected_components at 0x0000000002E1B048>,0.9144242042952329
"(17, 62)",18,<generator object connected_components at 0x00000000048B17E0>,0.9145900567099597
"(62, 87)",18,<generator object connected_components at 0x0000000002E1B048>,0.9147444791305351
"(20, 62)",18,<generator object connected_components at 0x00000000048B17E0>,0.9148872792263933
"(56, 87)",18,<generator object connected_components at 0x0000000002E1B048>,0.9150182615047481
"(70, 113)",18,<generator object connected_components at 0x00000000048B17E0>,0.9151372272530314
"(76, 113)",18,<generator object connected_components at 0x0000000002E1B048>,0.9152439744801513
"(20, 76)",18,<generator object connected_components at 0x00000000048B17E0>,0.9153382978565435
"(20, 70)",18,<generator object connected_components at 0x0000000002E1B048>,0.9154199886529907
"(65, 70)",18,<generator object connected_components at 0x00000000048B17E0>,0.915488834678176
"(76, 96)",18,<generator object connected_components at 0x0000000002E1B048>,0.9155446202149499
"(27, 65)",18,<generator object connected_components at 0x00000000048B17E0>,0.9155871259552703
"(27, 96)",18,<generator object connected_components at 0x0000000002E1B048>,0.9156161289337931
"(56, 96)",18,<generator object connected_components at 0x00000000048B17E0>,0.916548369027248
"(56, 65)",19,<generator object connected_components at 0x0000000002E1B048>,0.919104938271605
"(47, 64)",19,<generator object connected_components at 0x00000000048B17E0>,0.9193286830487037
"(32, 64)",19,<generator object connected_components at 0x0000000002E1B048>,0.9195405886208295
"(64, 100)",19,<generator object connected_components at 0x00000000048B17E0>,0.9197404451976869
"(6, 64)",19,<generator object connected_components at 0x0000000002E1B048>,0.9199280393889661
"(2, 64)",19,<generator object connected_components at 0x00000000048B17E0>,0.9201031541360842
"(60, 64)",19,<generator object connected_components at 0x0000000002E1B048>,0.9202655686424719
"(13, 64)",19,<generator object connected_components at 0x00000000048B17E0>,0.9204150583023697
"(64, 106)",20,<generator object connected_components at 0x0000000002E1B048>,0.9205513946280991
"(13, 100)",20,<generator object connected_components at 0x00000000048B17E0>,0.9206743451757697
"(13, 32)",20,<generator object connected_components at 0x0000000002E1B048>,0.9207836734693878
"(13, 39)",20,<generator object connected_components at 0x00000000048B17E0>,0.9208791389233257
"(13, 15)",20,<generator object connected_components at 0x0000000002E1B048>,0.9209604967631126
"(13, 106)",20,<generator object connected_components at 0x00000000048B17E0>,0.9210274979445059
"(2, 13)",20,<generator object connected_components at 0x0000000002E1B048>,0.921079889070801
"(13, 60)",21,<generator object connected_components at 0x00000000048B17E0>,0.9211174123083384
"(32, 106)",21,<generator object connected_components at 0x0000000002E1B048>,0.9211398053001622
"(6, 32)",21,<generator object connected_components at 0x00000000048B17E0>,0.921146801077782
"(32, 39)",21,<generator object connected_components at 0x0000000002E1B048>,0.9211381279709995
"(15, 32)",21,<generator object connected_components at 0x00000000048B17E0>,0.9211135095157419
"(32, 47)",21,<generator object connected_components at 0x0000000002E1B048>,0.9210726643598615
"(32, 100)",22,<generator object connected_components at 0x00000000048B17E0>,0.9210153061668451
"(39, 106)",22,<generator object connected_components at 0x0000000002E1B048>,0.9209411435173838
"(15, 106)",22,<generator object connected_components at 0x00000000048B17E0>,0.9208498798087505
"(2, 106)",22,<generator object connected_components at 0x0000000002E1B048>,0.9207412131519275
"(60, 106)",22,<generator object connected_components at 0x00000000048B17E0>,0.9206148362664293
"(6, 106)",23,<generator object connected_components at 0x0000000002E1B048>,0.9204704363727633
"(57, 112)",23,<generator object connected_components at 0x00000000048B17E0>,0.9205421637854072
"(91, 112)",23,<generator object connected_components at 0x0000000002E1B048>,0.9205980548700827
"(44, 112)",23,<generator object connected_components at 0x00000000048B17E0>,0.9206378182017322
"(92, 112)",23,<generator object connected_components at 0x0000000002E1B048>,0.9206611570247935
"(75, 112)",23,<generator object connected_components at 0x00000000048B17E0>,0.9206677691447788
"(66, 112)",24,<generator object connected_components at 0x0000000002E1B048>,0.9206573468173705
"(2, 6)",24,<generator object connected_components at 0x00000000048B17E0>,0.9204986486360107
"(6, 60)",24,<generator object connected_components at 0x0000000002E1B048>,0.9203206744702475
"(6, 47)",24,<generator object connected_components at 0x00000000048B17E0>,0.9201230769230772
"(6, 39)",24,<generator object connected_components at 0x0000000002E1B048>,0.9199055022100288
"(6, 100)",25,<generator object connected_components at 0x00000000048B17E0>,0.9196675900277008
"(39, 100)",25,<generator object connected_components at 0x0000000002E1B048>,0.9194089734192354
"(15, 39)",25,<generator object connected_components at 0x00000000048B17E0>,0.9191292786366592
"(39, 47)",25,<generator object connected_components at 0x0000000002E1B048>,0.918828125
"(39, 60)",26,<generator object connected_components at 0x00000000048B17E0>,0.9185051247530979
"(75, 92)",26,<generator object connected_components at 0x0000000002E1B048>,0.9184763260946955
"(57, 92)",26,<generator object connected_components at 0x00000000048B17E0>,0.9184288827632875
"(48, 92)",26,<generator object connected_components at 0x0000000002E1B048>,0.9183624419163595
"(86, 92)",26,<generator object connected_components at 0x00000000048B17E0>,0.9182766439909296
"(91, 92)",26,<generator object connected_components at 0x0000000002E1B048>,0.9181711225607528
"(66, 92)",27,<generator object connected_components at 0x00000000048B17E0>,0.918045504190101
"(66, 91)",27,<generator object connected_components at 0x0000000002E1B048>,0.9178994082840236
"(44, 66)",27,<generator object connected_components at 0x00000000048B17E0>,0.9177324469349986
"(48, 66)",27,<generator object connected_components at 0x0000000002E1B048>,0.9175442247658689
"(66, 86)",27,<generator object connected_components at 0x00000000048B17E0>,0.9173343387689697
"(66, 75)",28,<generator object connected_components at 0x0000000002E1B048>,0.9171023781413391
"(47, 100)",28,<generator object connected_components at 0x00000000048B17E0>,0.9167418221943998
"(2, 100)",28,<generator object connected_components at 0x0000000002E1B048>,0.9163569567260457
"(15, 100)",29,<generator object connected_components at 0x00000000048B17E0>,0.915947325987638
"(7, 78)",29,<generator object connected_components at 0x0000000002E1B048>,0.9162482686980609
"(78, 108)",29,<generator object connected_components at 0x00000000048B17E0>,0.9165332374821642
"(78, 111)",29,<generator object connected_components at 0x0000000002E1B048>,0.9168018946537434
"(77, 78)",29,<generator object connected_components at 0x00000000048B17E0>,0.9170538956523661
"(8, 78)",29,<generator object connected_components at 0x0000000002E1B048>,0.9172888888888889
"(51, 78)",29,<generator object connected_components at 0x00000000048B17E0>,0.9175065155870739
"(68, 78)",29,<generator object connected_components at 0x0000000002E1B048>,0.9177064096211882
"(22, 78)",30,<generator object connected_components at 0x00000000048B17E0>,0.917888197349477
"(7, 22)",30,<generator object connected_components at 0x0000000002E1B048>,0.9180514974433893
"(22, 108)",30,<generator object connected_components at 0x00000000048B17E0>,0.918195920712439
"(22, 77)",30,<generator object connected_components at 0x0000000002E1B048>,0.9183210699245684
"(21, 22)",30,<generator object connected_components at 0x00000000048B17E0>,0.9184265396218942
"(22, 68)",30,<generator object connected_components at 0x0000000002E1B048>,0.9185119159316945
"(22, 51)",30,<generator object connected_components at 0x00000000048B17E0>,0.9185767763725038
"(8, 22)",31,<generator object connected_components at 0x0000000002E1B048>,0.9186206896551725
"(51, 77)",31,<generator object connected_components at 0x00000000048B17E0>,0.9186432154787417
"(8, 51)",31,<generator object connected_components at 0x0000000002E1B048>,0.9186439043209875
"(51, 111)",31,<generator object connected_components at 0x00000000048B17E0>,0.91862229722347
"(21, 51)",31,<generator object connected_components at 0x0000000002E1B048>,0.9185779255709327
"(51, 108)",31,<generator object connected_components at 0x00000000048B17E0>,0.9185103108648813
"(51, 68)",32,<generator object connected_components at 0x0000000002E1B048>,0.9184189644911723
"(8, 68)",32,<generator object connected_components at 0x00000000048B17E0>,0.9183033874814269
"(21, 68)",32,<generator object connected_components at 0x0000000002E1B048>,0.9181630702680951
"(68, 111)",32,<generator object connected_components at 0x00000000048B17E0>,0.9179974924329732
"(7, 68)",32,<generator object connected_components at 0x0000000002E1B048>,0.9178061224489796
"(68, 108)",33,<generator object connected_components at 0x00000000048B17E0>,0.917588417414987
"(86, 91)",33,<generator object connected_components at 0x0000000002E1B048>,0.9173438227834999
"(48, 91)",33,<generator object connected_components at 0x00000000048B17E0>,0.91707177208096
"(44, 91)",33,<generator object connected_components at 0x0000000002E1B048>,0.9167716866204579
"(57, 91)",34,<generator object connected_components at 0x00000000048B17E0>,0.9164429752066117
"(21, 108)",34,<generator object connected_components at 0x0000000002E1B048>,0.91619159251958
"(108, 111)",34,<generator object connected_components at 0x00000000048B17E0>,0.9159119269009379
"(7, 108)",34,<generator object connected_components at 0x0000000002E1B048>,0.915603373702422
"(77, 108)",35,<generator object connected_components at 0x00000000048B17E0>,0.9152653150147736
"(56, 95)",35,<generator object connected_components at 0x0000000002E1B048>,0.9150342935528121
"(27, 95)",35,<generator object connected_components at 0x00000000048B17E0>,0.9147745332430453
"(70, 95)",35,<generator object connected_components at 0x0000000002E1B048>,0.9144854087770106
"(62, 95)",35,<generator object connected_components at 0x00000000048B17E0>,0.9141662809129036
"(76, 95)",36,<generator object connected_components at 0x0000000002E1B048>,0.9138164961275369
"(54, 99)",36,<generator object connected_components at 0x00000000048B17E0>,0.9137486650053399
"(18, 54)",36,<generator object connected_components at 0x0000000002E1B048>,0.9136535812672179
"(54, 61)",36,<generator object connected_components at 0x00000000048B17E0>,0.913530627882433
"(31, 54)",36,<generator object connected_components at 0x0000000002E1B048>,0.9133791737078261
"(54, 71)",36,<generator object connected_components at 0x00000000048B17E0>,0.9131985731272294
"(34, 54)",37,<generator object connected_components at 0x0000000002E1B048>,0.9129881656804735
"(17, 96)",37,<generator object connected_components at 0x00000000048B17E0>,0.9127472756816387
"(87, 96)",37,<generator object connected_components at 0x0000000002E1B048>,0.9124752118262124
"(20, 96)",37,<generator object connected_components at 0x00000000048B17E0>,0.9121712667867797
"(65, 96)",37,<generator object connected_components at 0x0000000002E1B048>,0.911834716796875
"(96, 113)",38,<generator object connected_components at 0x00000000048B17E0>,0.9114648212226067
"(37, 109)",38,<generator object connected_components at 0x0000000002E1B048>,0.9118668237336475
"(25, 37)",38,<generator object connected_components at 0x00000000048B17E0>,0.91224671530566
"(37, 89)",38,<generator object connected_components at 0x0000000002E1B048>,0.9126039304610734
"(37, 103)",38,<generator object connected_components at 0x00000000048B17E0>,0.9129378898747639
"(37, 105)",38,<generator object connected_components at 0x0000000002E1B048>,0.913248
"(1, 37)",38,<generator object connected_components at 0x00000000048B17E0>,0.9135336526830213
"(33, 37)",38,<generator object connected_components at 0x0000000002E1B048>,0.9137942247658689
"(37, 45)",39,<generator object connected_components at 0x00000000048B17E0>,0.914029077677064
"(84, 107)",39,<generator object connected_components at 0x0000000002E1B048>,0.9138079185669903
"(5, 84)",39,<generator object connected_components at 0x00000000048B17E0>,0.9135526863806747
"(81, 84)",39,<generator object connected_components at 0x0000000002E1B048>,0.9132625638269284
"(84, 98)",39,<generator object connected_components at 0x00000000048B17E0>,0.91293671357686
"(10, 84)",40,<generator object connected_components at 0x0000000002E1B048>,0.9125742777132709
"(94, 101)",40,<generator object connected_components at 0x00000000048B17E0>,0.9127942012017699
"(30, 101)",40,<generator object connected_components at 0x0000000002E1B048>,0.9129861111111113
"(29, 101)",40,<generator object connected_components at 0x00000000048B17E0>,0.9131492795994467
"(55, 101)",40,<generator object connected_components at 0x0000000002E1B048>,0.9132829602429207
"(35, 101)",40,<generator object connected_components at 0x00000000048B17E0>,0.9133863875091243
"(19, 101)",40,<generator object connected_components at 0x0000000002E1B048>,0.9134587762137317
"(79, 101)",41,<generator object connected_components at 0x00000000048B17E0>,0.9134993209597103
"(1, 33)",41,<generator object connected_components at 0x0000000002E1B048>,0.9137628753013368
"(33, 105)",41,<generator object connected_components at 0x00000000048B17E0>,0.9139973106890898
"(33, 103)",41,<generator object connected_components at 0x0000000002E1B048>,0.9142018430439953
"(25, 33)",41,<generator object connected_components at 0x00000000048B17E0>,0.9143756676224208
"(33, 45)",41,<generator object connected_components at 0x0000000002E1B048>,0.9145179584120982
"(33, 89)",41,<generator object connected_components at 0x00000000048B17E0>,0.9146278675082474
"(33, 109)",42,<generator object connected_components at 0x0000000002E1B048>,0.9147045244690674
"(63, 97)",42,<generator object connected_components at 0x00000000048B17E0>,0.9141648392167517
"(59, 97)",42,<generator object connected_components at 0x0000000002E1B048>,0.9135797634897016
"(58, 97)",43,<generator object connected_components at 0x00000000048B17E0>,0.9129481481481482
"(26, 43)",43,<generator object connected_components at 0x0000000002E1B048>,0.9127471301020408
"(26, 38)",43,<generator object connected_components at 0x00000000048B17E0>,0.9125057813348347
"(14, 26)",43,<generator object connected_components at 0x0000000002E1B048>,0.9122230338446556
"(26, 85)",43,<generator object connected_components at 0x00000000048B17E0>,0.9118977907905245
"(12, 26)",44,<generator object connected_components at 0x0000000002E1B048>,0.9115289256198348
"(69, 90)",44,<generator object connected_components at 0x00000000048B17E0>,0.9113237839077583
"(50, 69)",44,<generator object connected_components at 0x0000000002E1B048>,0.911076508711388
"(11, 69)",44,<generator object connected_components at 0x00000000048B17E0>,0.9107859585041094
"(28, 69)",44,<generator object connected_components at 0x0000000002E1B048>,0.9104509602194786
"(24, 69)",45,<generator object connected_components at 0x00000000048B17E0>,0.9100703082747431
"(7, 8)",45,<generator object connected_components at 0x0000000002E1B048>,0.9096427635601363
"(7, 21)",45,<generator object connected_components at 0x00000000048B17E0>,0.9091670523926029
"(7, 77)",45,<generator object connected_components at 0x0000000002E1B048>,0.9086418654325381
"(7, 111)",46,<generator object connected_components at 0x00000000048B17E0>,0.908065856562072
"(0, 93)",46,<generator object connected_components at 0x0000000002E1B048>,0.9084353741496599
"(4, 93)",46,<generator object connected_components at 0x00000000048B17E0>,0.9087704036079758
"(41, 93)",46,<generator object connected_components at 0x0000000002E1B048>,0.909069896449704
"(93, 104)",46,<generator object connected_components at 0x00000000048B17E0>,0.9093327732269131
"(9, 93)",46,<generator object connected_components at 0x0000000002E1B048>,0.9095579225186164
"(16, 93)",46,<generator object connected_components at 0x00000000048B17E0>,0.9097441998810231
"(23, 93)",47,<generator object connected_components at 0x0000000002E1B048>,0.9098904267589389
"(3, 74)",47,<generator object connected_components at 0x00000000048B17E0>,0.9097041908320997
"(74, 102)",47,<generator object connected_components at 0x0000000002E1B048>,0.9094696598372709
"(52, 74)",47,<generator object connected_components at 0x00000000048B17E0>,0.9091854162025692
"(40, 74)",47,<generator object connected_components at 0x0000000002E1B048>,0.9088499999999999
"(72, 74)",48,<generator object connected_components at 0x00000000048B17E0>,0.9084619075275878
"(77, 111)",48,<generator object connected_components at 0x0000000002E1B048>,0.9078155290276503
"(8, 111)",48,<generator object connected_components at 0x00000000048B17E0>,0.9071091757066659
"(21, 111)",49,<generator object connected_components at 0x0000000002E1B048>,0.9063411078717201
"(12, 85)",49,<generator object connected_components at 0x00000000048B17E0>,0.9058777120315581
"(43, 85)",49,<generator object connected_components at 0x0000000002E1B048>,0.9053565734934635
"(14, 85)",49,<generator object connected_components at 0x00000000048B17E0>,0.9047759671400575
"(38, 85)",50,<generator object connected_components at 0x0000000002E1B048>,0.9041341145833333
"(53, 73)",50,<generator object connected_components at 0x00000000048B17E0>,0.9050738740714345
"(53, 83)",50,<generator object connected_components at 0x0000000002E1B048>,0.905983379501385
"(53, 88)",50,<generator object connected_components at 0x00000000048B17E0>,0.906861510036113
"(53, 67)",50,<generator object connected_components at 0x0000000002E1B048>,0.9077071072883658
"(53, 114)",50,<generator object connected_components at 0x00000000048B17E0>,0.9085189739483542
"(53, 110)",50,<generator object connected_components at 0x0000000002E1B048>,0.9092958723551855
"(49, 53)",50,<generator object connected_components at 0x00000000048B17E0>,0.910036523009496
"(46, 53)",51,<generator object connected_components at 0x0000000002E1B048>,0.9107396030245747
"(1, 103)",51,<generator object connected_components at 0x00000000048B17E0>,0.9109856967959629
"(1, 45)",51,<generator object connected_components at 0x0000000002E1B048>,0.9111822243690375
"(1, 105)",51,<generator object connected_components at 0x00000000048B17E0>,0.9113274930557673
"(1, 25)",51,<generator object connected_components at 0x0000000002E1B048>,0.9114197530864199
"(1, 109)",51,<generator object connected_components at 0x00000000048B17E0>,0.9114571954683064
"(1, 89)",52,<generator object connected_components at 0x0000000002E1B048>,0.911437949753819
"(81, 107)",52,<generator object connected_components at 0x00000000048B17E0>,0.9110408886335344
"(10, 81)",52,<generator object connected_components at 0x0000000002E1B048>,0.9105759297520664
"(81, 98)",52,<generator object connected_components at 0x00000000048B17E0>,0.9100408163265304
"(5, 81)",53,<generator object connected_components at 0x0000000002E1B048>,0.909433214427269
"(30, 55)",53,<generator object connected_components at 0x00000000048B17E0>,0.9097530822947641
"(19, 30)",53,<generator object connected_components at 0x0000000002E1B048>,0.9100189291508923
"(30, 79)",53,<generator object connected_components at 0x00000000048B17E0>,0.9102287883451317
"(30, 94)",53,<generator object connected_components at 0x0000000002E1B048>,0.9103806228373702
"(29, 30)",53,<generator object connected_components at 0x00000000048B17E0>,0.9104723223976752
"(30, 35)",54,<generator object connected_components at 0x0000000002E1B048>,0.910501700680272
"(25, 109)",54,<generator object connected_components at 0x00000000048B17E0>,0.9104664921653697
"(25, 105)",54,<generator object connected_components at 0x0000000002E1B048>,0.9103643489621136
"(25, 89)",54,<generator object connected_components at 0x00000000048B17E0>,0.9101928374655648
"(25, 103)",54,<generator object connected_components at 0x0000000002E1B048>,0.9099494348602023
"(25, 45)",55,<generator object connected_components at 0x00000000048B17E0>,0.9096315254620044
"(28, 50)",55,<generator object connected_components at 0x0000000002E1B048>,0.909236396890718
"(50, 90)",55,<generator object connected_components at 0x00000000048B17E0>,0.9087612360634234
"(24, 50)",55,<generator object connected_components at 0x0000000002E1B048>,0.908203125
"(11, 50)",56,<generator object connected_components at 0x00000000048B17E0>,0.9075590364305209
"(14, 38)",56,<generator object connected_components at 0x0000000002E1B048>,0.9068258291940394
"(12, 14)",56,<generator object connected_components at 0x00000000048B17E0>,0.9060002434175829
"(14, 43)",57,<generator object connected_components at 0x0000000002E1B048>,0.9050788954635108
"(19, 55)",57,<generator object connected_components at 0x00000000048B17E0>,0.905057232049948
"(55, 94)",57,<generator object connected_components at 0x0000000002E1B048>,0.9049586776859505
"(29, 55)",57,<generator object connected_components at 0x00000000048B17E0>,0.9047802127386902
"(55, 79)",57,<generator object connected_components at 0x0000000002E1B048>,0.9045186980609415
"(35, 55)",58,<generator object connected_components at 0x00000000048B17E0>,0.9041708696986976
"(29, 79)",58,<generator object connected_components at 0x0000000002E1B048>,0.9037333333333332
"(19, 79)",58,<generator object connected_components at 0x00000000048B17E0>,0.9032025584433132
"(35, 79)",58,<generator object connected_components at 0x0000000002E1B048>,0.9025748721694666
"(79, 94)",59,<generator object connected_components at 0x00000000048B17E0>,0.9018464528668613
"(62, 76)",59,<generator object connected_components at 0x0000000002E1B048>,0.9013886282604614
"(56, 62)",59,<generator object connected_components at 0x00000000048B17E0>,0.900832342449465
"(62, 70)",59,<generator object connected_components at 0x0000000002E1B048>,0.9001736111111113
"(27, 62)",60,<generator object connected_components at 0x00000000048B17E0>,0.8994082840236688
"(83, 88)",60,<generator object connected_components at 0x0000000002E1B048>,0.900714144019044
"(88, 114)",60,<generator object connected_components at 0x00000000048B17E0>,0.9019667018761633
"(46, 88)",60,<generator object connected_components at 0x0000000002E1B048>,0.9031632653061226
"(49, 88)",60,<generator object connected_components at 0x00000000048B17E0>,0.9043010196159618
"(67, 88)",60,<generator object connected_components at 0x0000000002E1B048>,0.9053770216341104
"(73, 88)",60,<generator object connected_components at 0x00000000048B17E0>,0.9063881932974588
"(88, 110)",61,<generator object connected_components at 0x0000000002E1B048>,0.9073313148788928
"(40, 52)",61,<generator object connected_components at 0x00000000048B17E0>,0.9069958847736627
"(40, 102)",61,<generator object connected_components at 0x0000000002E1B048>,0.9065493428380486
"(40, 72)",61,<generator object connected_components at 0x00000000048B17E0>,0.9059867714398778
"(3, 40)",62,<generator object connected_components at 0x0000000002E1B048>,0.9053030303030304
"(20, 87)",62,<generator object connected_components at 0x00000000048B17E0>,0.9049589184779441
"(17, 87)",62,<generator object connected_components at 0x0000000002E1B048>,0.9044970414201186
"(65, 87)",62,<generator object connected_components at 0x00000000048B17E0>,0.9039120245177573
"(87, 113)",63,<generator object connected_components at 0x0000000002E1B048>,0.9031982421875
"(58, 59)",63,<generator object connected_components at 0x00000000048B17E0>,0.901977803955608
"(58, 63)",64,<generator object connected_components at 0x0000000002E1B048>,0.9006046863189722
"(57, 86)",64,<generator object connected_components at 0x00000000048B17E0>,0.900224
"(44, 57)",64,<generator object connected_components at 0x0000000002E1B048>,0.8997138397502601
"(48, 57)",64,<generator object connected_components at 0x00000000048B17E0>,0.8990680150703945
"(57, 75)",65,<generator object connected_components at 0x0000000002E1B048>,0.8982800322493955
"(15, 47)",65,<generator object connected_components at 0x00000000048B17E0>,0.8973430776586298
"(2, 47)",65,<generator object connected_components at 0x0000000002E1B048>,0.8962499999999998
"(47, 60)",66,<generator object connected_components at 0x00000000048B17E0>,0.8949932914342207
"(17, 113)",66,<generator object connected_components at 0x0000000002E1B048>,0.8939959781671936
"(17, 20)",66,<generator object connected_components at 0x00000000048B17E0>,0.8928336620644313
"(17, 65)",67,<generator object connected_components at 0x0000000002E1B048>,0.8914982164090369
"(18, 71)",67,<generator object connected_components at 0x00000000048B17E0>,0.89179584120983
"(18, 31)",67,<generator object connected_components at 0x0000000002E1B048>,0.8919667590027701
"(18, 61)",67,<generator object connected_components at 0x00000000048B17E0>,0.8920040723627536
"(18, 99)",67,<generator object connected_components at 0x0000000002E1B048>,0.8919005102040816
"(18, 34)",68,<generator object connected_components at 0x00000000048B17E0>,0.8916484051619187
"(103, 105)",68,<generator object connected_components at 0x0000000002E1B048>,0.8912396694214877
"(45, 103)",68,<generator object connected_components at 0x00000000048B17E0>,0.8906657688746737
"(89, 103)",68,<generator object connected_components at 0x0000000002E1B048>,0.8899176954732511
"(103, 109)",69,<generator object connected_components at 0x00000000048B17E0>,0.8889859376364747
"(46, 49)",69,<generator object connected_components at 0x0000000002E1B048>,0.8905304378782485
"(49, 83)",69,<generator object connected_components at 0x00000000048B17E0>,0.8919727891156463
"(49, 73)",69,<generator object connected_components at 0x0000000002E1B048>,0.8933062130177514
"(49, 114)",69,<generator object connected_components at 0x00000000048B17E0>,0.894523517767933
"(49, 67)",69,<generator object connected_components at 0x0000000002E1B048>,0.8956170703575548
"(49, 110)",70,<generator object connected_components at 0x00000000048B17E0>,0.89657876678757
"(2, 60)",70,<generator object connected_components at 0x0000000002E1B048>,0.895
"(15, 60)",71,<generator object connected_components at 0x00000000048B17E0>,0.8931741659014386
"(24, 28)",71,<generator object connected_components at 0x0000000002E1B048>,0.8921282798833817
"(24, 90)",71,<generator object connected_components at 0x00000000048B17E0>,0.8908491869486662
"(11, 24)",72,<generator object connected_components at 0x0000000002E1B048>,0.8893229166666666
"(27, 76)",72,<generator object connected_components at 0x00000000048B17E0>,0.8881994459833795
"(56, 76)",72,<generator object connected_components at 0x0000000002E1B048>,0.8868266183793571
"(70, 76)",73,<generator object connected_components at 0x00000000048B17E0>,0.8851890391952825
"(48, 75)",73,<generator object connected_components at 0x0000000002E1B048>,0.8839792060491494
"(48, 86)",73,<generator object connected_components at 0x00000000048B17E0>,0.8825021132713441
"(44, 48)",74,<generator object connected_components at 0x0000000002E1B048>,0.8807407407407408
"(3, 102)",74,<generator object connected_components at 0x00000000048B17E0>,0.8794344148466102
"(3, 72)",74,<generator object connected_components at 0x0000000002E1B048>,0.8778409090909088
"(3, 52)",75,<generator object connected_components at 0x00000000048B17E0>,0.8759413396749902
"(83, 110)",75,<generator object connected_components at 0x0000000002E1B048>,0.8769605191995675
"(67, 83)",75,<generator object connected_components at 0x00000000048B17E0>,0.8777854671280276
"(46, 83)",75,<generator object connected_components at 0x0000000002E1B048>,0.8784013605442178
"(83, 114)",75,<generator object connected_components at 0x00000000048B17E0>,0.8787922775439109
"(73, 83)",76,<generator object connected_components at 0x0000000002E1B048>,0.8789411064842356
"(16, 23)",76,<generator object connected_components at 0x00000000048B17E0>,0.8821825941167504
"(0, 16)",76,<generator object connected_components at 0x0000000002E1B048>,0.8853125
"(16, 104)",76,<generator object connected_components at 0x00000000048B17E0>,0.888319179618651
"(16, 41)",76,<generator object connected_components at 0x0000000002E1B048>,0.8911900065746221
"(4, 16)",76,<generator object connected_components at 0x00000000048B17E0>,0.893911283521673
"(9, 16)",77,<generator object connected_components at 0x0000000002E1B048>,0.8964681440443212
"(31, 34)",77,<generator object connected_components at 0x00000000048B17E0>,0.8970666666666667
"(31, 71)",77,<generator object connected_components at 0x0000000002E1B048>,0.8973703433162894
"(31, 99)",77,<generator object connected_components at 0x00000000048B17E0>,0.8973541002064176
"(31, 61)",78,<generator object connected_components at 0x0000000002E1B048>,0.8969907407407408
"(89, 105)",78,<generator object connected_components at 0x00000000048B17E0>,0.89625074390002
"(89, 109)",78,<generator object connected_components at 0x0000000002E1B048>,0.8951020408163266
"(45, 89)",79,<generator object connected_components at 0x00000000048B17E0>,0.8935097668557024
"(21, 77)",79,<generator object connected_components at 0x0000000002E1B048>,0.8914359861591695
"(8, 77)",80,<generator object connected_components at 0x00000000048B17E0>,0.8888393851637337
"(5, 10)",80,<generator object connected_components at 0x0000000002E1B048>,0.8879706152433428
"(5, 98)",80,<generator object connected_components at 0x00000000048B17E0>,0.8866272189349113
"(5, 107)",81,<generator object connected_components at 0x0000000002E1B048>,0.884765625
"(73, 110)",81,<generator object connected_components at 0x00000000048B17E0>,0.8858654572940288
"(46, 73)",81,<generator object connected_components at 0x0000000002E1B048>,0.8865764828303853
"(73, 114)",81,<generator object connected_components at 0x00000000048B17E0>,0.8868583714055362
"(67, 73)",82,<generator object connected_components at 0x0000000002E1B048>,0.8866666666666665
"(4, 104)",82,<generator object connected_components at 0x00000000048B17E0>,0.8911232404481473
"(0, 4)",82,<generator object connected_components at 0x0000000002E1B048>,0.8953626634958383
"(4, 41)",82,<generator object connected_components at 0x00000000048B17E0>,0.8993536472760847
"(4, 9)",82,<generator object connected_components at 0x0000000002E1B048>,0.9030612244897961
"(4, 23)",83,<generator object connected_components at 0x00000000048B17E0>,0.9064462809917356
"(19, 29)",83,<generator object connected_components at 0x0000000002E1B048>,0.906721536351166
"(29, 94)",83,<generator object connected_components at 0x00000000048B17E0>,0.906372374510502
"(29, 35)",84,<generator object connected_components at 0x0000000002E1B048>,0.9053254437869822
"(9, 23)",84,<generator object connected_components at 0x00000000048B17E0>,0.908881199538639
"(9, 41)",84,<generator object connected_components at 0x0000000002E1B048>,0.912
"(0, 9)",84,<generator object connected_components at 0x00000000048B17E0>,0.914618908788005
"(9, 104)",85,<generator object connected_components at 0x0000000002E1B048>,0.9166666666666667
"(27, 56)",85,<generator object connected_components at 0x00000000048B17E0>,0.915346310547759
"(56, 70)",86,<generator object connected_components at 0x0000000002E1B048>,0.9130434782608694
"(20, 65)",86,<generator object connected_components at 0x00000000048B17E0>,0.9116049382716048
"(65, 113)",87,<generator object connected_components at 0x0000000002E1B048>,0.909090909090909
"(67, 110)",87,<generator object connected_components at 0x00000000048B17E0>,0.9107625743645215
"(46, 67)",87,<generator object connected_components at 0x0000000002E1B048>,0.9115646258503403
"(67, 114)",88,<generator object connected_components at 0x00000000048B17E0>,0.9113622843545508
"(46, 114)",88,<generator object connected_components at 0x0000000002E1B048>,0.9099999999999998
"(46, 110)",89,<generator object connected_components at 0x00000000048B17E0>,0.9072978303747535
"(98, 107)",89,<generator object connected_components at 0x0000000002E1B048>,0.9058171745152356
"(10, 98)",90,<generator object connected_components at 0x00000000048B17E0>,0.9028487947406866
"(11, 90)",90,<generator object connected_components at 0x0000000002E1B048>,0.9012345679012344
"(28, 90)",91,<generator object connected_components at 0x00000000048B17E0>,0.8979591836734695
"(61, 71)",91,<generator object connected_components at 0x0000000002E1B048>,0.9013840830449829
"(61, 99)",91,<generator object connected_components at 0x00000000048B17E0>,0.9035812672176309
"(34, 61)",92,<generator object connected_components at 0x0000000002E1B048>,0.904296875
"(23, 41)",92,<generator object connected_components at 0x00000000048B17E0>,0.9094693028095735
"(41, 104)",92,<generator object connected_components at 0x0000000002E1B048>,0.9133333333333332
"(0, 41)",93,<generator object connected_components at 0x00000000048B17E0>,0.9155766944114149
"(75, 86)",93,<generator object connected_components at 0x0000000002E1B048>,0.9158163265306123
"(44, 75)",94,<generator object connected_components at 0x00000000048B17E0>,0.9135802469135801
"(19, 94)",94,<generator object connected_components at 0x0000000002E1B048>,0.9142011834319529
"(35, 94)",95,<generator object connected_components at 0x00000000048B17E0>,0.912
"(34, 71)",95,<generator object connected_components at 0x0000000002E1B048>,0.9131944444444445
"(34, 99)",96,<generator object connected_components at 0x00000000048B17E0>,0.9111531190926273
"(45, 109)",96,<generator object connected_components at 0x0000000002E1B048>,0.913223140495868
"(105, 109)",97,<generator object connected_components at 0x00000000048B17E0>,0.9115646258503403
"(27, 70)",98,<generator object connected_components at 0x0000000002E1B048>,0.9049999999999999
"(71, 99)",99,<generator object connected_components at 0x00000000048B17E0>,0.8975069252077561
"(44, 86)",100,<generator object connected_components at 0x0000000002E1B048>,0.8888888888888891
"(52, 72)",100,<generator object connected_components at 0x00000000048B17E0>,0.8927335640138407
"(52, 102)",101,<generator object connected_components at 0x0000000002E1B048>,0.890625
"(20, 113)",102,<generator object connected_components at 0x00000000048B17E0>,0.8799999999999998
"(11, 28)",103,<generator object connected_components at 0x0000000002E1B048>,0.8673469387755103
"(38, 43)",103,<generator object connected_components at 0x00000000048B17E0>,0.8757396449704143
"(12, 38)",104,<generator object connected_components at 0x0000000002E1B048>,0.8749999999999998
"(59, 63)",105,<generator object connected_components at 0x00000000048B17E0>,0.8595041322314048
"(45, 105)",106,<generator object connected_components at 0x0000000002E1B048>,0.8399999999999999
"(8, 21)",107,<generator object connected_components at 0x00000000048B17E0>,0.8148148148148148
"(19, 35)",108,<generator object connected_components at 0x0000000002E1B048>,0.78125
"(72, 102)",109,<generator object connected_components at 0x00000000048B17E0>,0.7346938775510204
"(0, 23)",109,<generator object connected_components at 0x0000000002E1B048>,0.7777777777777777
"(23, 104)",110,<generator object connected_components at 0x00000000048B17E0>,0.8
"(10, 107)",111,<generator object connected_components at 0x0000000002E1B048>,0.75
"(110, 114)",112,<generator object connected_components at 0x00000000048B17E0>,0.6666666666666666
"(12, 43)",113,<generator object connected_components at 0x0000000002E1B048>,0.5
"(2, 15)",114,<generator object connected_components at 0x00000000048B17E0>,0.0
